{"money": 167.96800000000127, "click_value": 1, "passive_income": 7.299999999999999, "stats": {"total_clicks": 371, "total_money_earned": 1104.9680000001338, "total_upgrades_bought": 19}, "upgrades": [["Coffee Machine", 13, 42], ["Intern", 4, 85], ["Office Computer", 2, 263], ["Automated Scanner", 0, 1000], ["AI Assistant", 0, 5000]]}